id,name,default_code
__export__.product_template_5138_45739622,HE 5HE [F],HE5HE_F
__export__.product_template_5139_1ee4adee,HE 5HE [L],HE5HE_L
__import__.import_component_laan_0471,HE Anisata [B],HEANI_B
__import__.import_component_laan_0473,HE Anisata [C],HEANI_C
__import__.import_component_laan_0475,HE Anisata [EC],HEANI_EC
__import__.import_component_laan_0476,HE Anisata [E],HEANI_E
__import__.import_component_laan_0472,HE Anisata [F],HEANI_F
__export__.product_template_5071_43a74810,HE Anisata [L],HEANI_L
__import__.import_component_laan_0474,HE Anisata [MC],HEANI_MC
__import__.import_component_laan_0477,HE Aromatica [B],HEARO_B
__import__.import_component_laan_0479,HE Aromatica [C],HEARO_C
__import__.import_component_laan_0481,HE Aromatica [EC],HEARO_EC
__import__.import_component_laan_0482,HE Aromatica [E],HEARO_E
__import__.import_component_laan_0478,HE Aromatica [F],HEARO_F
__export__.product_template_5072_e73649d4,HE Aromatica [L],HEARO_L
__import__.import_component_laan_0480,HE Aromatica [MC],HEARO_MC
__export__.product_template_6938_64ed8b77,HE Baie Rose BIO [E],HEBAIROSBIO_E
__import__.import_component_laan_0233,HE Baie Rose Bio,HEBAIROSBIO
__import__.import_component_laan_0234,HE Baie Rose Bio FFL,HEBAIROSBIOFFL
__import__.import_component_laan_0483,HE Baie Rose [B],HEBAIROS_B
__import__.import_component_laan_0485,HE Baie Rose [C],HEBAIROS_C
__import__.import_component_laan_0487,HE Baie Rose [EC],HEBAIROS_EC
__import__.import_component_laan_0488,HE Baie Rose [E],HEBAIROS_E
__import__.import_component_laan_0484,HE Baie Rose [F],HEBAIROS_F
__export__.product_template_5073_d78a0075,HE Baie Rose [L],HEBAIROS_L
__import__.import_component_laan_0486,HE Baie Rose [MC],HEBAIROS_MC
__export__.product_template_6871_1238c5bb,HE Baie Rose bio FFL [E],HEBAIROSBIOFFL_E
__import__.import_component_laan_0238,HE Baie Rose feuille Bio ,HEBAIROSFEUBIO
__import__.import_component_laan_0239,HE Baie Rose feuille Bio FFL,HEBAIROSFEUBIOFFL
__import__.import_component_laan_0490,HE Baie Rose feuille [B],HEBAIROSFEU_B
__import__.import_component_laan_0492,HE Baie Rose feuille [C],HEBAIROSFEU_C
__import__.import_component_laan_0494,HE Baie Rose feuille [EC],HEBAIROSFEU_EC
__import__.import_component_laan_0495,HE Baie Rose feuille [E],HEBAIROSFEU_E
__import__.import_component_laan_0491,HE Baie Rose feuille [F],HEBAIROSFEU_F
__export__.product_template_5074_486da9cd,HE Baie Rose feuille [L],HEBAIROSFEU_L
__import__.import_component_laan_0493,HE Baie Rose feuille [MC],HEBAIROSFEU_MC
__export__.product_template_6667_d638ccc5,HE Cannelle de Ceylan feuille BIO FFL [E],HECANCEYFEUBIOFFL_E
__export__.product_template_6651_6fff61f1,HE Cannelle de Ceylan feuille Bio [E],HECANCEYFEUBIO_E
__export__.product_template_6666_aaddaac3,HE Cannelle de Ceylan écorce BIO FFL [E],HECANCEYECOBIOFFL_E
__export__.product_template_6650_adedb253,HE Cannelle de Ceylan écorce Bio [E],HECANCEYECOBIO_E
__export__.product_template_417_704f9737,HE Cannelle de ceylan écorce Bio ACTIFLORA 10ml,HECANCEYECOBIOACT10ML
__export__.product_template_995_1a27c0a2,HE Cannelle de ceylan écorce Bio ACTIFLORA 5ml,HECANCEYECOBIOACT5ML
__export__.product_template_6940_09d93f2d,HE Cannelle feuille BIO FFL [E],HECANFEUBIOFFL_E
__import__.import_component_laan_0511,HE Cannelle feuille Bio ,HECANFEUBIO
__export__.product_template_418_34e28f50,HE Cannelle feuille Bio ACTIFLORA 10ml,HECANFEUBIOACT10ML
__import__.import_component_laan_0251,HE Cannelle feuille Bio FFL,HECANFEUBIOFFL
__import__.import_component_laan_0505,HE Cannelle feuille [B],HECANFEU_B
__import__.import_component_laan_0507,HE Cannelle feuille [C],HECANFEU_C
__import__.import_component_laan_0509,HE Cannelle feuille [EC],HECANFEU_EC
__import__.import_component_laan_0510,HE Cannelle feuille [E],HECANFEU_E
__import__.import_component_laan_0506,HE Cannelle feuille [F],HECANFEU_F
__export__.product_template_5075_57e426ab,HE Cannelle feuille [L],HECANFEU_L
__import__.import_component_laan_0508,HE Cannelle feuille [MC],HECANFEU_MC
__import__.import_component_laan_0503,HE Cannelle écorce BIO [E],HECANECOBIO_E
__import__.import_component_laan_0504,HE Cannelle écorce Bio ,HECANECOBIO
__import__.import_component_laan_0246,HE Cannelle écorce Bio FFL,HECANECOBIOFFL
__import__.import_component_laan_0498,HE Cannelle écorce [B],HECANECO_B
__import__.import_component_laan_0500,HE Cannelle écorce [C],HECANECO_C
__import__.import_component_laan_0502,HE Cannelle écorce [EC],HECANECO_EC
__export__.product_template_6876_38753f80,HE Cannelle écorce [E],HECANECO_E
__import__.import_component_laan_0499,HE Cannelle écorce [F],HECANECO_F
__export__.product_template_5223_89c57ffd,HE Cannelle écorce [L],HECANECO_L
__import__.import_component_laan_0501,HE Cannelle écorce [MC],HECANECO_MC
__import__.import_component_laan_0512,HE Cedrelopsis [B],HECED_B
__import__.import_component_laan_0514,HE Cedrelopsis [C],HECED_C
__import__.import_component_laan_0516,HE Cedrelopsis [EC],HECED_EC
__import__.import_component_laan_0517,HE Cedrelopsis [E],HECED_E
__import__.import_component_laan_0513,HE Cedrelopsis [F],HECED_F
__export__.product_template_5077_90122e98,HE Cedrelopsis [L],HECED_L
__import__.import_component_laan_0515,HE Cedrelopsis [MC],HECED_MC
__export__.product_template_424_f5edf0f0,HE Citriodora Bio ACTIFLORA 10ml,HECITBIOACT10ML
__import__.import_component_laan_0291,HE Citriodora Bio FFL,HECITBIOFFL
__export__.product_template_6863_6dd137d8,HE Citriodora Bio FFL[E],HECITBIOFFL
__import__.import_component_laan_0571,HE Citriodora Bio [E],HECITBIO_E
__import__.import_component_laan_0518,HE Citriodora [B],HECIT_B
__import__.import_component_laan_0573,HE Citriodora [C],HECIT_C
__import__.import_component_laan_0574,HE Citriodora [EC],HECIT_EC
__import__.import_component_laan_0575,HE Citriodora [E],HECIT_E
__import__.import_component_laan_0519,HE Citriodora [F],HECIT_F
__export__.product_template_5078_65132a8a,HE Citriodora [L],HECIT_L
__import__.import_component_laan_0521,HE Citriodora [MC],HECIT_MC
__export__.product_template_4588_b6f1c987,HE Citriodora [MMC],HECIT_MMC
__export__.product_template_420_e4747113,HE Citron zeste Bio ACTIFLORA 10ml,HECITZESBIOACT10ML
__export__.product_template_996_4080c9a0,HE Citron zeste Bio ACTIFLORA 5ml,HECITZESBIOACT5ML
__import__.import_component_laan_0524,HE Citron zeste [B],HECITZES_B
__import__.import_component_laan_0526,HE Citron zeste [C],HECITZES_C
__import__.import_component_laan_0528,HE Citron zeste [EC],HECITZES_EC
__import__.import_component_laan_0529,HE Citron zeste [E],HECITZES_E
__import__.import_component_laan_0525,HE Citron zeste [F],HECITZES_F
__export__.product_template_5079_8f8955a7,HE Citron zeste [L],HECITZES_L
__import__.import_component_laan_0527,HE Citron zeste [MC],HECITZES_MC
__import__.import_component_laan_0530,HE Citronelle [B],HECIT_B
__import__.import_component_laan_0532,HE Citronelle [C],HECIT_C
__import__.import_component_laan_0534,HE Citronelle [EC],HECIT_EC
__import__.import_component_laan_0535,HE Citronelle [E],HECIT_E
__export__.product_template_6878_98a11f05,HE Citronelle [F],HECIT_F
__export__.product_template_5080_70805b3e,HE Citronelle [L],HECIT_L
__import__.import_component_laan_0533,HE Citronelle [MC],HECIT_MC
__import__.import_component_laan_0536,HE Citronnelle Bio ,HECITBIO
__import__.import_component_laan_0265,HE Citronnelle Bio FFL,HECITBIOFFL
__import__.import_component_laan_0531,HE Citronnelle [F],HECIT_F
__export__.product_template_5081_9e66225a,HE Citronnelle [L],HECIT_L
__import__.import_component_laan_0269,HE Combava feuille Bio ,HECOMFEUBIO
__import__.import_component_laan_0270,HE Combava feuille Bio FFL,HECOMFEUBIOFFL
__import__.import_component_laan_0537,HE Combava feuille [B],HECOMFEU_B
__import__.import_component_laan_0539,HE Combava feuille [C],HECOMFEU_C
__import__.import_component_laan_0541,HE Combava feuille [EC],HECOMFEU_EC
__import__.import_component_laan_0542,HE Combava feuille [E],HECOMFEU_E
__import__.import_component_laan_0538,HE Combava feuille [F],HECOMFEU_F
__export__.product_template_5082_66069e6c,HE Combava feuille [L],HECOMFEU_L
__import__.import_component_laan_0540,HE Combava feuille [MC],HECOMFEU_MC
__import__.import_component_laan_0274,HE Combava zeste Bio ,HECOMZESBIO
__import__.import_component_laan_0275,HE Combava zeste Bio FFL,HECOMZESBIOFFL
__import__.import_component_laan_0544,HE Combava zeste [B],HECOMZES_B
__import__.import_component_laan_0546,HE Combava zeste [C],HECOMZES_C
__import__.import_component_laan_0548,HE Combava zeste [EC],HECOMZES_EC
__import__.import_component_laan_0549,HE Combava zeste [E],HECOMZES_E
__import__.import_component_laan_0545,HE Combava zeste [F],HECOMZES_F
__export__.product_template_5083_b6a39c93,HE Combava zeste [L],HECOMZES_L
__import__.import_component_laan_0547,HE Combava zeste [MC],HECOMZES_MC
__export__.product_template_422_d41638eb,HE Curcuma Bio ACTIFLORA 10ml,HECURBIOACT10ML
__import__.import_component_laan_0281,HE Curcuma Bio FFL [E],HECURBIOFFL_E
__import__.import_component_laan_0557,HE Curcuma Bio [E],HECURBIO_E
__import__.import_component_laan_0551,HE Curcuma [B],HECUR_B
__import__.import_component_laan_0553,HE Curcuma [C],HECUR_C
__import__.import_component_laan_0555,HE Curcuma [EC],HECUR_EC
__import__.import_component_laan_0556,HE Curcuma [E],HECUR_E
__import__.import_component_laan_0552,HE Curcuma [F],HECUR_F
__export__.product_template_5084_33294362,HE Curcuma [L],HECUR_L
__import__.import_component_laan_0554,HE Curcuma [MC],HECUR_MC
__export__.product_template_423_47e19329,HE Cypres rameaux Bio ACTIFLORA 10ml,HECYPRAMBIOACT10ML
__export__.product_template_994_d6daa5e5,HE Cypres rameaux Bio ACTIFLORA 5ml,HECYPRAMBIOACT5ML
__import__.import_component_laan_0558,HE Cyprès [B],HECYP_B
__import__.import_component_laan_0560,HE Cyprès [C],HECYP_C
__import__.import_component_laan_0562,HE Cyprès [EC],HECYP_EC
__import__.import_component_laan_0563,HE Cyprès [E],HECYP_E
__import__.import_component_laan_0559,HE Cyprès [F],HECYP_F
__export__.product_template_5085_3d1f0f53,HE Cyprès [L],HECYP_L
__import__.import_component_laan_0561,HE Cyprès [MC],HECYP_MC
__export__.product_template_773_bd220413,HE Essence de mandarine ACTIFLORA 10ml,HEESSMANACT10ML
__export__.product_template_993_7b901d40,HE Essence de mandarine ACTIFLORA 5ml,HEESSMANACT5ML
__import__.import_component_laan_0564,HE Essence de mandarine [B],HEESSMAN_B
__import__.import_component_laan_0566,HE Essence de mandarine [C],HEESSMAN_C
__import__.import_component_laan_0568,HE Essence de mandarine [EC],HEESSMAN_EC
__import__.import_component_laan_0569,HE Essence de mandarine [E],HEESSMAN_E
__import__.import_component_laan_0565,HE Essence de mandarine [F],HEESSMAN_F
__export__.product_template_5086_6f6e97be,HE Essence de mandarine [L],HEESSMAN_L
__import__.import_component_laan_0567,HE Essence de mandarine [MC],HEESSMAN_MC
__export__.product_template_6652_6817a45f,HE Eucalyptus citronné Bio [E],HEEUCCITBIO_E
__export__.product_template_6668_5cf54a8b,HE Eucalyptus citronné FFL [E],HEEUCCITFFL_E
__export__.product_template_425_84ca8cf0,HE Eucalyptus globuleux Bio ACTIFLORA 10ml,HEEUCGLOBIOACT10ML
__export__.product_template_6653_25f0becb,HE Eucalyptus globulus Bio [E],HEEUCGLOBIO_E
__export__.product_template_6669_694f896b,HE Eucalyptus globulus FFL [E],HEEUCGLOFFL_E
__export__.product_template_6915_e113a2a4,HE GI,HEGI
__export__.product_template_6749_6d844ceb,HE GIROFLE CLOU BIO [E],HEGIRCLOBIO_E
__export__.product_template_6778_8ee8d393,HE GIROLFE FEUILLES [E],HEGIRFEU_E
__export__.product_template_6930_5153d643,HE Gingembre,HEGIN
__export__.product_template_426_d34115b4,HE Geranium bourbon Bio ACTIFLORA 10ml,HEGERBOUBIOACT10ML
__export__.product_template_992_0e7193d6,HE Geranium bourbon Bio ACTIFLORA 5ml,HEGERBOUBIOACT5ML
__export__.product_template_6611_4e4edc73,HE Gingembre BIO NOP FFL - MRG [B],HEGINBIONOPFFL-MRG_B
__export__.product_template_6612_d78f61b5,HE Gingembre BIO NOP FFL - MRG [F],HEGINBIONOPFFL-MRG_F
__export__.product_template_6517_cb1fff98,HE Gingembre BIO NOP FFL [B],HEGINBIONOPFFL_B
__export__.product_template_6608_42a1e495,HE Gingembre BIO NOP FFL [F],HEGINBIONOPFFL_F
__import__.import_component_laan_0303,HE Gingembre Bio,HEGINBIO
__import__.import_component_laan_0593,HE Gingembre FRAIS [E],HEGINFRA_E
__import__.import_component_laan_0588,HE Gingembre [B],HEGIN_B
__import__.import_component_laan_0590,HE Gingembre [C],HEGIN_C
__import__.import_component_laan_0592,HE Gingembre [EC],HEGIN_EC
__export__.product_template_6875_0e337af9,HE Gingembre [E],HEGIN_E
__import__.import_component_laan_0589,HE Gingembre [F],HEGIN_F
__export__.product_template_5089_3aeca5e8,HE Gingembre [L],HEGIN_L
__import__.import_component_laan_0591,HE Gingembre [MC],HEGIN_MC
__export__.product_template_6672_7d5c839f,HE Gingembre frais BIO FFL [E],HEGINFRABIOFFL_E
__export__.product_template_427_b1f68978,HE Gingembre frais Bio ACTIFLORA 10ml,HEGINFRABIOACT10ML
__export__.product_template_990_dfd00702,HE Gingembre frais Bio ACTIFLORA 5ml,HEGINFRABIOACT5ML
__export__.product_template_6655_ee531bce,HE Gingembre frais Bio [E],HEGINFRABIO_E
__export__.product_template_5273_acec42ef,HE Girofle clou BIO,HEGIRCLOBIO
__export__.product_template_6673_db9b43e4,HE Girofle clou BIO FFL [E],HEGIRCLOBIOFFL_E
__export__.product_template_6646_45a0755a,HE Girofle clou Bio,HEGIRCLOBIO
__export__.product_template_428_b0a6c4e6,HE Girofle clou Bio ACTIFLORA 10ml,HEGIRCLOBIOACT10ML
__export__.product_template_988_2a14a97f,HE Girofle clou Bio ACTIFLORA 5ml,HEGIRCLOBIOACT5ML
__import__.import_component_laan_0595,HE Girofle clou [B],HEGIRCLO_B
__import__.import_component_laan_0597,HE Girofle clou [C],HEGIRCLO_C
__import__.import_component_laan_0599,HE Girofle clou [EC],HEGIRCLO_EC
__import__.import_component_laan_0600,HE Girofle clou [E],HEGIRCLO_E
__import__.import_component_laan_0596,HE Girofle clou [F],HEGIRCLO_F
__export__.product_template_5090_ba48c639,HE Girofle clou [L],HEGIRCLO_L
__import__.import_component_laan_0598,HE Girofle clou [MC],HEGIRCLO_MC
__export__.product_template_6638_6d77ad7b,HE Girofle clou [MMC],HEGIRCLO_MMC
__import__.import_component_laan_0601,HE Girofle feuille [B],HEGIRFEU_B
__import__.import_component_laan_0603,HE Girofle feuille [C],HEGIRFEU_C
__import__.import_component_laan_0605,HE Girofle feuille [EC],HEGIRFEU_EC
__import__.import_component_laan_0606,HE Girofle feuille [E],HEGIRFEU_E
__import__.import_component_laan_0602,HE Girofle feuille [F],HEGIRFEU_F
__export__.product_template_5091_6e7fecdd,HE Girofle feuille [L],HEGIRFEU_L
__import__.import_component_laan_0604,HE Girofle feuille [MC],HEGIRFEU_MC
__export__.product_template_6860_9ada1441,HE Girofle feuille bio[E],HEGIRFEUBIO
__export__.product_template_6862_b1706e96,HE Girofle griffe Bio [E],HEGIRGRIBIO_E
__import__.import_component_laan_0607,HE Girofle griffe [B],HEGIRGRI_B
__import__.import_component_laan_0609,HE Girofle griffe [C],HEGIRGRI_C
__import__.import_component_laan_0611,HE Girofle griffe [EC],HEGIRGRI_EC
__import__.import_component_laan_0612,HE Girofle griffe [E],HEGIRGRI_E
__import__.import_component_laan_0608,HE Girofle griffe [F],HEGIRGRI_F
__export__.product_template_5092_c66108b8,HE Girofle griffe [L],HEGIRGRI_L
__import__.import_component_laan_0610,HE Girofle griffe [MC],HEGIRGRI_MC
__import__.import_component_laan_0576,HE Globulus [B],HEGLO_B
__import__.import_component_laan_0613,HE Globulus [B],HEGLO_B
__import__.import_component_laan_0615,HE Globulus [C],HEGLO_C
__import__.import_component_laan_0578,HE Globulus [C],HEGLO_C
__import__.import_component_laan_0617,HE Globulus [EC],HEGLO_EC
__import__.import_component_laan_0580,HE Globulus [EC],HEGLO_EC
__import__.import_component_laan_0581,HE Globulus [E],HEGLO_E
__import__.import_component_laan_0618,HE Globulus [E],HEGLO_E
__import__.import_component_laan_0614,HE Globulus [F],HEGLO_F
__export__.product_template_5088_5846f3c2,HE Globulus [L],HEGLO_L
__export__.product_template_5093_f7184ce2,HE Globulus [L],HEGLO_L
__import__.import_component_laan_0579,HE Globulus [MC],HEGLO_MC
__import__.import_component_laan_0616,HE Globulus [MC],HEGLO_MC
__export__.product_template_5357_834e3b0e,HE Géranium BIO,HEGERBIO
__export__.product_template_5249_c1f1ede2,HE Géranium Bio FFL,HEGERBIOFFL
__import__.import_component_laan_0582,HE Géranium [B],HEGER_B
__import__.import_component_laan_0584,HE Géranium [C],HEGER_C
__import__.import_component_laan_0586,HE Géranium [EC],HEGER_EC
__import__.import_component_laan_0587,HE Géranium [E],HEGER_E
__import__.import_component_laan_0583,HE Géranium [F],HEGER_F
__export__.product_template_5094_ff8c07c2,HE Géranium [L],HEGER_L
__import__.import_component_laan_0585,HE Géranium [MC],HEGER_MC
__export__.product_template_6671_e2493909,HE Géranium bourbon BIO FFL [E],HEGERBOUBIOFFL_E
__export__.product_template_6654_ec56f117,HE Géranium bourbon Bio [E],HEGERBOUBIO_E
__export__.product_template_6714_80403d2b,HE Géranium bourbon [E],HEGERBOU_E
__export__.product_template_771_bbb24c6d,HE Hélichryse bracté Bio ACTIFLORA 10ml,HEHELBRABIOACT10ML
__export__.product_template_6864_d5519554,HE Hélichryse bractée BIO [E],HEHELBRABIO_E
__export__.product_template_5222_d595c2b3,HE Hélichryse bractée Bio,HEHELBRABIO
__import__.import_component_laan_0619,HE Hélichryse bractée [B],HEHELBRA_B
__import__.import_component_laan_0621,HE Hélichryse bractée [C],HEHELBRA_C
__import__.import_component_laan_0623,HE Hélichryse bractée [EC],HEHELBRA_EC
__import__.import_component_laan_0624,HE Hélichryse bractée [E],HEHELBRA_E
__import__.import_component_laan_0620,HE Hélichryse bractée [F],HEHELBRA_F
__export__.product_template_5095_71742f97,HE Hélichryse bractée [L],HEHELBRA_L
__import__.import_component_laan_0622,HE Hélichryse bractée [MC],HEHELBRA_MC
__export__.product_template_5358_57d2f883,HE Hélichryse gymno BIO,HEHELGYMBIO
__export__.product_template_430_817cf9c3,HE Hélichryse gymno Bio ACTIFLORA 10ml,HEHELGYMBIOACT10ML
__export__.product_template_6656_7a7b06be,HE Hélichryse gymno Bio [E],HEHELGYMBIO_E
__export__.product_template_6674_6a047767,HE Hélichryse gymno FFL [E],HEHELGYMFFL_E
__import__.import_component_laan_0625,HE Hélichryse gymno [B],HEHELGYM_B
__import__.import_component_laan_0627,HE Hélichryse gymno [C],HEHELGYM_C
__import__.import_component_laan_0629,HE Hélichryse gymno [EC],HEHELGYM_EC
__import__.import_component_laan_0630,HE Hélichryse gymno [E],HEHELGYM_E
__import__.import_component_laan_0626,HE Hélichryse gymno [F],HEHELGYM_F
__export__.product_template_5096_5c65fa3c,HE Hélichryse gymno [L],HEHELGYM_L
__import__.import_component_laan_0628,HE Hélichryse gymno [MC],HEHELGYM_MC
__export__.product_template_419_a1327239,HE Katrafay ACTIFLORA 10ml,HEKATACT10ML
__export__.product_template_4676_9a02852c,HE Katrafay [B],HEKAT_B
__export__.product_template_4678_52e992b2,HE Katrafay [C],HEKAT_C
__export__.product_template_4680_1ac7172d,HE Katrafay [EC],HEKAT_EC
__export__.product_template_4681_097ab381,HE Katrafay [E],HEKAT_E
__export__.product_template_4677_fe4e3f71,HE Katrafay [F],HEKAT_F
__export__.product_template_5097_698ebbea,HE Katrafay [L],HEKAT_L
__export__.product_template_4679_3488b904,HE Katrafay [MC],HEKAT_MC
__export__.product_template_6589_29c50f9e,HE LEMONGRASS BIO,HELEMBIO
__import__.import_component_laan_0631,HE Lantana [B],HELAN_B
__import__.import_component_laan_0633,HE Lantana [C],HELAN_C
__import__.import_component_laan_0635,HE Lantana [EC],HELAN_EC
__import__.import_component_laan_0636,HE Lantana [E],HELAN_E
__import__.import_component_laan_0632,HE Lantana [F],HELAN_F
__export__.product_template_5098_0b3130df,HE Lantana [L],HELAN_L
__import__.import_component_laan_0634,HE Lantana [MC],HELAN_MC
__export__.product_template_702_4771217e,HE Lavande Bio ACTIFLORA 10ml,HELAVBIOACT10ML
__export__.product_template_986_205b78fb,HE Lavande Bio ACTIFLORA 5ml,HELAVBIOACT5ML
__import__.import_component_laan_0637,HE Lavande [B],HELAV_B
__import__.import_component_laan_0639,HE Lavande [C],HELAV_C
__import__.import_component_laan_0641,HE Lavande [EC],HELAV_EC
__import__.import_component_laan_0642,HE Lavande [E],HELAV_E
__import__.import_component_laan_0638,HE Lavande [F],HELAV_F
__export__.product_template_5099_80f8686d,HE Lavande [L],HELAV_L
__import__.import_component_laan_0640,HE Lavande [MC],HELAV_MC
__export__.product_template_431_2220eaa3,HE Lemongrass (citronnelle) Bio ACTIFLORA 10ml,HELEM(CIBIOACT10ML
__export__.product_template_6675_5a472230,HE Lemongrass BIO FFL [E],HELEMBIOFFL_E
__import__.import_component_laan_0331,HE Lemongrass Bio FFL,HELEMBIOFFL
__export__.product_template_6657_3c9347ca,HE Lemongrass Bio [E],HELEMBIO_E
__import__.import_component_laan_0643,HE Lemongrass [B],HELEM_B
__import__.import_component_laan_0645,HE Lemongrass [C],HELEM_C
__import__.import_component_laan_0647,HE Lemongrass [EC],HELEM_EC
__import__.import_component_laan_0648,HE Lemongrass [E],HELEM_E
__import__.import_component_laan_0644,HE Lemongrass [F],HELEM_F
__export__.product_template_5100_60f9d0f2,HE Lemongrass [L],HELEM_L
__import__.import_component_laan_0646,HE Lemongrass [MC],HELEM_MC
__export__.product_template_6602_fe30f970,HE Menthe poivrée,HEMENPOI
__export__.product_template_6753_e3816174,HE Menthe poivrée Bio ACTIFLORA 100ml,HEMENPOIBIOACT100ML
__export__.product_template_432_e94f6821,HE Menthe poivrée Bio ACTIFLORA 10ml,HEMENPOIBIOACT10ML
__export__.product_template_6754_75c5aaff,HE Menthe poivrée Bio ACTIFLORA 250ml,HEMENPOIBIOACT250ML
__export__.product_template_987_7a6cf38a,HE Menthe poivrée Bio ACTIFLORA 5ml,HEMENPOIBIOACT5ML
__import__.import_component_laan_0650,HE Menthe poivrée [B],HEMENPOI_B
__import__.import_component_laan_0652,HE Menthe poivrée [C],HEMENPOI_C
__import__.import_component_laan_0654,HE Menthe poivrée [EC],HEMENPOI_EC
__import__.import_component_laan_0655,HE Menthe poivrée [E],HEMENPOI_E
__import__.import_component_laan_0651,HE Menthe poivrée [F],HEMENPOI_F
__export__.product_template_5101_2aa7ddef,HE Menthe poivrée [L],HEMENPOI_L
__import__.import_component_laan_0653,HE Menthe poivrée [MC],HEMENPOI_MC
__import__.import_component_laan_0662,HE Niaouli Bio ,HENIABIO
__export__.product_template_433_16b0ad69,HE Niaouli Bio ACTIFLORA 10ml,HENIABIOACT10ML
__import__.import_component_laan_0341,HE Niaouli Bio FFL [E],HENIABIOFFL_E
__export__.product_template_5274_c8781fc6,HE Niaouli Bio GMP ZONE AMPAMPANAMBO [E],HENIABIOGMPZONAMP_E
__export__.product_template_6781_6a8277e9,HE Niaouli Bio GMP ZONE MIAKARA [E],HENIABIOGMPZONMIA_E
__export__.product_template_6647_fc1c80da,HE Niaouli Bio [E],HENIABIO_E
__export__.product_template_6676_1b09bb0b,HE Niaouli FFL [E],HENIAFFL_E
__import__.import_component_laan_0656,HE Niaouli [B],HENIA_B
__import__.import_component_laan_0658,HE Niaouli [C],HENIA_C
__import__.import_component_laan_0660,HE Niaouli [EC],HENIA_EC
__import__.import_component_laan_0661,HE Niaouli [E],HENIA_E
__import__.import_component_laan_0657,HE Niaouli [F],HENIA_F
__export__.product_template_4957_9939b01c,HE Niaouli [L],HENIA_L
__import__.import_component_laan_0659,HE Niaouli [MC],HENIA_MC
__export__.product_template_700_f70c907a,HE Orange douce Bio ACTIFLORA 10ml,HEORADOUBIOACT10ML
__export__.product_template_998_30dce1d1,HE Orange douce Bio ACTIFLORA 5ml,HEORADOUBIOACT5ML
__import__.import_component_laan_0663,HE Orange douce [B],HEORADOU_B
__import__.import_component_laan_0665,HE Orange douce [C],HEORADOU_C
__import__.import_component_laan_0667,HE Orange douce [EC],HEORADOU_EC
__import__.import_component_laan_0668,HE Orange douce [E],HEORADOU_E
__import__.import_component_laan_0664,HE Orange douce [F],HEORADOU_F
__export__.product_template_5102_6169c254,HE Orange douce [L],HEORADOU_L
__import__.import_component_laan_0666,HE Orange douce [MC],HEORADOU_MC
__export__.product_template_6658_4ed82dc4,HE Orange douce zeste Bio [E],HEORADOUZESBIO_E
__export__.product_template_6677_8de11463,HE Orange douce zeste FFL [E],HEORADOUZESFFL_E
__export__.product_template_6775_f5579239,HE PATCHOULI [B],HEPAT_B
__export__.product_template_6776_4344c93d,HE PATCHOULI [F],HEPAT_F
__export__.product_template_434_87ef36fa,HE Poivre noir Bio ACTIFLORA 10ml,HEPOINOIBIOACT10ML
__export__.product_template_5204_56c066ca,HE Poivre noir Bio [E],HEPOINOIBIO_E
__export__.product_template_6681_2c703008,HE Poivre noir FFL [E],HEPOINOIFFL_E
__export__.product_template_5325_20897b34,HE Poivre noir [B],HEPOINOI_B
__import__.import_component_laan_0671,HE Poivre noir [C],HEPOINOI_C
__import__.import_component_laan_0673,HE Poivre noir [EC],HEPOINOI_EC
__import__.import_component_laan_0674,HE Poivre noir [E],HEPOINOI_E
__import__.import_component_laan_0670,HE Poivre noir [F],HEPOINOI_F
__export__.product_template_5103_07898b62,HE Poivre noir [L],HEPOINOI_L
__import__.import_component_laan_0672,HE Poivre noir [MC],HEPOINOI_MC
__import__.import_component_laan_0676,HE Psiadia [B],HEPSI_B
__import__.import_component_laan_0678,HE Psiadia [C],HEPSI_C
__import__.import_component_laan_0680,HE Psiadia [EC],HEPSI_EC
__import__.import_component_laan_0681,HE Psiadia [E],HEPSI_E
__import__.import_component_laan_0677,HE Psiadia [F],HEPSI_F
__export__.product_template_5104_08ddd006,HE Psiadia [L],HEPSI_L
__import__.import_component_laan_0679,HE Psiadia [MC],HEPSI_MC
__export__.product_template_6535_9451edc0,HE RAVINTSARA BIO FFL,HERAVBIOFFL
__export__.product_template_5319_66451528,HE Ravintsara BIO,HERAVBIO
__export__.product_template_6678_53cba9c1,HE Ravintsara BIO FFL [E],HERAVBIOFFL_E
__export__.product_template_320_acbf5ede,HE Ravintsara Bio ACTIFLORA 10ml,HERAVBIOACT10ML
__export__.product_template_5320_5f0f8902,HE Ravintsara Bio ACTIFLORA 5ml,HERAVBIOACT5ML
__export__.product_template_6659_8d2e33b1,HE Ravintsara Bio [E],HERAVBIO_E
__import__.import_component_laan_0682,HE Ravintsara [B],HERAV_B
__import__.import_component_laan_0684,HE Ravintsara [C],HERAV_C
__import__.import_component_laan_0686,HE Ravintsara [EC],HERAV_EC
__import__.import_component_laan_0687,HE Ravintsara [E],HERAV_E
__import__.import_component_laan_0683,HE Ravintsara [F],HERAV_F
__export__.product_template_4956_9052eb0d,HE Ravintsara [L],HERAV_L
__import__.import_component_laan_0685,HE Ravintsara [MC],HERAV_MC
__import__.import_component_laan_0688,HE Ricin [B],HERIC_B
__import__.import_component_laan_0690,HE Ricin [C],HERIC_C
__import__.import_component_laan_0692,HE Ricin [EC],HERIC_EC
__import__.import_component_laan_0693,HE Ricin [E],HERIC_E
__import__.import_component_laan_0689,HE Ricin [F],HERIC_F
__export__.product_template_5105_221ddf8a,HE Ricin [L],HERIC_L
__import__.import_component_laan_0691,HE Ricin [MC],HERIC_MC
__export__.product_template_436_d53881e3,HE Romarin Bio ACTIFLORA 10ml,HEROMBIOACT10ML
__export__.product_template_4664_68b92660,HE Romarin [B],HEROM_B
__export__.product_template_4663_8b7f4c0a,HE Romarin [C],HEROM_C
__export__.product_template_4668_1ff83286,HE Romarin [EC],HEROM_EC
__export__.product_template_4667_75e98a90,HE Romarin [E],HEROM_E
__export__.product_template_4665_17a34181,HE Romarin [F],HEROM_F
__export__.product_template_5106_d985e530,HE Romarin [L],HEROM_L
__export__.product_template_4666_a57fa80b,HE Romarin [MC],HEROM_MC
__export__.product_template_315_a27ea363,HE Saro Bio ACTIFLORA 10ml,HESARBIOACT10ML
__export__.product_template_6660_c6482404,HE Saro Bio [E],HESARBIO_E
__export__.product_template_6679_650c189b,HE Saro FFL [E],HESARFFL_E
__import__.import_component_laan_0694,HE Saro [B],HESAR_B
__import__.import_component_laan_0696,HE Saro [C],HESAR_C
__import__.import_component_laan_0698,HE Saro [EC],HESAR_EC
__import__.import_component_laan_0699,HE Saro [E],HESAR_E
__import__.import_component_laan_0695,HE Saro [F],HESAR_F
__export__.product_template_5107_6454e082,HE Saro [L],HESAR_L
__import__.import_component_laan_0697,HE Saro [MC],HESAR_MC
__export__.product_template_6890_c1138ea2,HE Sortie stock [B],HESORSTO_B
__export__.product_template_457_b194c676,HE Synergie 5HE Bio ACTIFLORA 10ml,HESYN5HEBIOACT10ML
__export__.product_template_6722_babd0d8c,HE TAGETE [C],HETAG_C
__export__.product_template_5350_116b71b5,HE TAGETE [F],HETAG_F
__export__.product_template_5351_fc3a0e7c,HE TAGETE [L],HETAG_L
__export__.product_template_5349_2a722b59,HE Tagètes [B],HETAG_B
__export__.product_template_699_2493fb6f,HE Tea tree Bio ACTIFLORA 10ml,HETEATREBIOACT10ML
__export__.product_template_997_badc009f,HE Tea tree Bio ACTIFLORA 5ml,HETEATREBIOACT5ML
__import__.import_component_laan_0700,HE Tea tree [B],HETEATRE_B
__import__.import_component_laan_0702,HE Tea tree [C],HETEATRE_C
__import__.import_component_laan_0704,HE Tea tree [EC],HETEATRE_EC
__import__.import_component_laan_0705,HE Tea tree [E],HETEATRE_E
__import__.import_component_laan_0701,HE Tea tree [F],HETEATRE_F
__export__.product_template_5108_89336e90,HE Tea tree [L],HETEATRE_L
__import__.import_component_laan_0703,HE Tea tree [MC],HETEATRE_MC
__export__.product_template_438_dc4de947,HE Terebenthine Bio ACTIFLORA 10ml,HETERBIOACT10ML
__export__.product_template_4670_af5df99a,HE Terebenthine [B],HETER_B
__export__.product_template_4672_7040e3d4,HE Terebenthine [C],HETER_C
__export__.product_template_4674_3dff150f,HE Terebenthine [EC],HETER_EC
__export__.product_template_4675_912b1a69,HE Terebenthine [E],HETER_E
__export__.product_template_4671_8a7280ba,HE Terebenthine [F],HETER_F
__export__.product_template_5109_2a0ee27a,HE Terebenthine [L],HETER_L
__export__.product_template_4673_14d9786b,HE Terebenthine [MC],HETER_MC
__export__.product_template_439_f65f2aed,HE Thym Bio ACTIFLORA 10ml,HETHYBIOACT10ML
__export__.product_template_989_60f1dd16,HE Thym Bio ACTIFLORA 5ml,HETHYBIOACT5ML
__export__.product_template_4630_7949bf46,HE Thym [B],HETHY_B
__export__.product_template_4632_07c90867,HE Thym [C],HETHY_C
__export__.product_template_4634_46f88682,HE Thym [EC],HETHY_EC
__export__.product_template_4635_b10eebfd,HE Thym [E],HETHY_E
__export__.product_template_4631_426ad538,HE Thym [F],HETHY_F
__export__.product_template_5110_b5b24729,HE Thym [L],HETHY_L
__export__.product_template_4633_76a07ae2,HE Thym [MC],HETHY_MC
__export__.product_template_6686_3a704af9,HE VETIVER Bio ACTIFLORA 10ml,HEVETBIOACT10ML
__export__.product_template_5321_611d54a4,HE Vétiver BIO,HEVETBIO
__export__.product_template_5272_b9e199a3,HE Vétiver BIO FFL,HEVETBIOFFL
__export__.product_template_6680_60e3f3f7,HE Vétiver BIO FFL [E],HEVETBIOFFL_E
__export__.product_template_6661_a3e2a3bd,HE Vétiver Bio [E],HEVETBIO_E
__import__.import_component_laan_0706,HE Vétiver [B],HEVET_B
__import__.import_component_laan_0708,HE Vétiver [C],HEVET_C
__import__.import_component_laan_0710,HE Vétiver [EC],HEVET_EC
__import__.import_component_laan_0711,HE Vétiver [E],HEVET_E
__import__.import_component_laan_0707,HE Vétiver [F],HEVET_F
__export__.product_template_5111_b764cae4,HE Vétiver [L],HEVET_L
__import__.import_component_laan_0709,HE Vétiver [MC],HEVET_MC
__export__.product_template_440_e79e3c3a,HE Vétivier Bio ACTIFLORA 10ml,HEVETBIOACT10ML
__export__.product_template_6537_d10a6398,HE YLANG 2 BIO,HEYLA2BIO
__export__.product_template_6536_deca0919,HE YLANG EXTRA BIO,HEYLAEXTBIO
__export__.product_template_6662_ff6dda34,HE Ylang 1 Bio [E],HEYLA1BIO_E
__export__.product_template_6682_57c325d8,HE Ylang 1 FFL [E],HEYLA1FFL_E
__export__.product_template_4693_74c34476,HE Ylang 1 [B],HEYLA1_B
__export__.product_template_4695_694d588a,HE Ylang 1 [C],HEYLA1_C
__export__.product_template_4697_35b68a30,HE Ylang 1 [EC],HEYLA1_EC
__export__.product_template_4698_8619f565,HE Ylang 1 [E],HEYLA1_E
__export__.product_template_4694_0b1478c0,HE Ylang 1 [F],HEYLA1_F
__export__.product_template_5112_a8b0ec3c,HE Ylang 1 [L],HEYLA1_L
__export__.product_template_4696_6ef23dbb,HE Ylang 1 [MC],HEYLA1_MC
__export__.product_template_6663_8451a601,HE Ylang 2 Bio [E],HEYLA2BIO_E
__export__.product_template_6683_b197e0ed,HE Ylang 2 FFL [E],HEYLA2FFL_E
__export__.product_template_4699_f400cd57,HE Ylang 2 [B],HEYLA2_B
__export__.product_template_6873_83aae74f,HE Ylang 2 [C],HEYLA2_C
__export__.product_template_4703_92ccd62b,HE Ylang 2 [EC],HEYLA2_EC
__export__.product_template_4704_033de263,HE Ylang 2 [E],HEYLA2_E
__export__.product_template_4700_aaf85342,HE Ylang 2 [F],HEYLA2_F
__export__.product_template_5113_566d9552,HE Ylang 2 [L],HEYLA2_L
__export__.product_template_4702_86d96707,HE Ylang 2 [MC],HEYLA2_MC
__export__.product_template_5297_ff9efc1b,HE Ylang 3 BIO,HEYLA3BIO
__export__.product_template_6664_e663439f,HE Ylang 3 Bio [E],HEYLA3BIO_E
__export__.product_template_6684_c88d99da,HE Ylang 3 FFL [E],HEYLA3FFL_E
__export__.product_template_4705_0649e264,HE Ylang 3 [B],HEYLA3_B
__export__.product_template_4707_b5c91dc5,HE Ylang 3 [C],HEYLA3_C
__export__.product_template_4709_1fdf6cbe,HE Ylang 3 [EC],HEYLA3_EC
__export__.product_template_4710_e408ae3d,HE Ylang 3 [E],HEYLA3_E
__export__.product_template_4706_17620e12,HE Ylang 3 [F],HEYLA3_F
__export__.product_template_5114_d2af6ebc,HE Ylang 3 [L],HEYLA3_L
__export__.product_template_4708_638c5384,HE Ylang 3 [MC],HEYLA3_MC
__export__.product_template_5291_a4b1df6b,HE Ylang Complète BIO,HEYLACOMBIO
__export__.product_template_6665_e4f77950,HE Ylang Complète Bio [E],HEYLACOMBIO_E
__export__.product_template_6685_e64192a7,HE Ylang Complète FFL [E],HEYLACOMFFL_E
__export__.product_template_4711_45a9fffb,HE Ylang Complète [B],HEYLACOM_B
__export__.product_template_4713_605c43e5,HE Ylang Complète [C],HEYLACOM_C
__export__.product_template_4715_5cdb8fb9,HE Ylang Complète [EC],HEYLACOM_EC
__export__.product_template_4716_5b9ba6e8,HE Ylang Complète [E],HEYLACOM_E
__export__.product_template_4712_7e5cbffd,HE Ylang Complète [F],HEYLACOM_F
__export__.product_template_5115_6fb49126,HE Ylang Complète [L],HEYLACOM_L
__export__.product_template_4714_7c8f7e55,HE Ylang Complète [MC],HEYLACOM_MC
__export__.product_template_6710_c08aae45,HE Ylang Extra Bio [E],HEYLAEXTBIO_E
__import__.import_component_laan_0712,HE Ylang Extra [B],HEYLAEXT_B
__import__.import_component_laan_0714,HE Ylang Extra [C],HEYLAEXT_C
__import__.import_component_laan_0716,HE Ylang Extra [EC],HEYLAEXT_EC
__import__.import_component_laan_0717,HE Ylang Extra [E],HEYLAEXT_E
__import__.import_component_laan_0713,HE Ylang Extra [F],HEYLAEXT_F
__export__.product_template_5116_b86c79fb,HE Ylang Extra [L],HEYLAEXT_L
__import__.import_component_laan_0715,HE Ylang Extra [MC],HEYLAEXT_MC
__export__.product_template_441_de44435b,HE Ylang-ylang Bio ACTIFLORA 10ml,HEYLABIOACT10ML
__export__.product_template_984_1500cb87,HE Ylang-ylang Bio ACTIFLORA 5ml,HEYLABIOACT5ML
__export__.product_template_6532_1663ba70,HE niaouli BIO PHARMA,HENIABIOPHA
__export__.product_template_6766_0f75bca2,HE Menthe Poivre,HEMENPOI
__export__.product_template_6923_ceaf569e,HE Palmarosa [B],HEPAL_B
